id,date,temperature,weather_condition,humidity_percentage,wind_speed
a4e4e321,01-01-2022,20.3,sunny,73,21.8
c7051276,01-02-2022,20.0,sunny,51,11.9
738fae91,01-03-2022,19.5,sunny,51,9.1
718f0a71,01-04-2022,19.5,sunny,70,5.6
8e54f3dd,01-05-2022,17.2,sunny,59,13.2
bbbaddb9,01-06-2022,14.5,sunny,63,10.5
ae3acaef,01-07-2022,18.1,sunny,57,11.9
7edfadc4,01-08-2022,19.1,sunny,56,8.7
04c0f044,01-09-2022,20.5,sunny,66,12.6
a4b7226a,01-10-2022,18.0,sunny,67,18.6
fb9f92ad,01-11-2022,16.8,cloudy,58,0.0
49ab22b3,01-12-2022,18.6,sunny,59,9.3
635abdfb,01-13-2022,18.7,sunny,66,15.6
adfa93a9,01-14-2022,17.0,sunny,56,12.7
8c4c21a2,01-15-2022,20.3,sunny,51,19.5
ddded2b7,01-16-2022,17.3,sunny,61,9.6
9a78b645,01-17-2022,19.9,rainy,72,18.5
7be0686a,01-18-2022,19.5,dusty,49,21.6
79f5b33d,01-19-2022,16.5,sunny,50,12.0
8b2df431,01-20-2022,18.4,sunny,64,7.9
1275e2ea,01-21-2022,20.1,rainy,66,13.4
d5465a8b,01-22-2022,20.1,rainy,68,21.6
a02fc408,01-23-2022,19.8,sunny,66,11.9
df2e13cb,01-24-2022,19.0,cloudy,63,3.4
72ebfa51,01-25-2022,16.2,rainy,61,10.1
2c34d081,01-26-2022,18.0,humid,75,12.6
3343d334,01-27-2022,16.2,sunny,60,18.1
c31feb56,01-28-2022,16.8,sunny,62,11.9
671bf88e,01-29-2022,24.4,cloudy,65,11.3
9b8fa4b0,01-30-2022,23.0,sunny,59,11.1
42061de5,01-31-2022,16.8,sunny,57,7.9
fb869a81,02-01-2022,22.5,sunny,56,11.8
267f7dc7,02-02-2022,16.6,cloudy,52,10.3
bcd6992e,02-03-2022,18.2,sunny,56,15.5
8d4e8170,02-04-2022,17.6,sunny,51,8.9
c3ae8f07,02-05-2022,22.0,sunny,55,3.4
8e31c050,02-06-2022,23.4,sunny,47,10.9
4b85784a,02-07-2022,19.0,cloudy,46,7.1
e76df05f,02-08-2022,19.6,sunny,60,13.5
33ab19af,02-09-2022,17.8,humid,68,10.3
3a7d43fc,02-10-2022,16.5,sunny,57,9.9
942ad3de,02-11-2022,16.7,sunny,61,22.0
1ff694c5,02-12-2022,18.9,sunny,49,12.8
b4cd5238,02-13-2022,20.4,cloudy,63,12.3
519e7381,02-14-2022,19.3,sunny,61,15.1
e7585295,02-15-2022,20.2,cloudy,54,8.6
40cbab98,02-16-2022,15.0,sunny,57,19.6
fe6b7272,02-17-2022,15.9,rainy,59,22.4
a4ad7b61,02-18-2022,21.4,sunny,50,9.3
6effa40c,02-19-2022,20.7,sunny,60,11.5
ea12580f,02-20-2022,20.1,cloudy,53,6.8
7f1d1634,02-21-2022,18.7,sunny,55,10.6
ddea8221,02-22-2022,16.7,sunny,67,12.3
54c69bf1,02-23-2022,17.5,cloudy,59,15.8
fd1e416b,02-24-2022,17.7,sunny,55,14.0
6e95b1d6,02-25-2022,16.7,sunny,63,17.7
3bff5090,02-26-2022,17.2,sunny,70,19.8
8fab5977,02-27-2022,20.8,sunny,51,20.0
98d05e89,02-28-2022,18.8,sunny,57,12.6
993cdcb1,03-01-2022,23.2,dusty,49,23.1
848ba6d5,03-02-2022,22.6,cloudy,53,18.5
e7415676,03-03-2022,20.5,sunny,57,11.6
6fc3b809,03-04-2022,23.8,sunny,57,13.8
67ae4395,03-05-2022,19.7,sunny,59,14.8
5948f5c0,03-06-2022,22.1,sunny,56,15.4
aad116ac,03-07-2022,23.5,sunny,52,20.4
4cb915e5,03-08-2022,21.0,sunny,55,18.8
d6562e66,03-09-2022,20.6,cloudy,58,12.4
2926f7c0,03-10-2022,18.3,sunny,54,17.6
9ce312de,03-11-2022,21.8,dusty,37,10.9
9a58cb13,03-12-2022,22.1,rainy,57,15.8
91d6f4ae,03-13-2022,21.5,sunny,49,16.4
44b1e3d4,03-14-2022,22.5,sunny,59,18.9
923e6a32,03-15-2022,21.8,sunny,64,14.4
07cdff53,03-16-2022,20.7,sunny,58,19.9
5739d90b,03-17-2022,21.0,sunny,43,16.8
928b47ef,03-18-2022,21.0,sunny,51,12.9
0be5e636,03-19-2022,23.3,cloudy,62,6.3
df1724cf,03-20-2022,27.6,sunny,59,16.6
b1894e69,03-21-2022,22.0,cloudy,57,10.6
ab06fac1,03-22-2022,23.5,cloudy,58,15.3
75064805,03-23-2022,19.6,sunny,54,12.5
d5de72e4,03-24-2022,18.8,cloudy,57,16.2
092ca04f,03-25-2022,21.3,cloudy,58,14.4
335e8f99,03-26-2022,23.4,cloudy,58,17.0
77ae9465,03-27-2022,21.3,cloudy,60,14.1
915f7b65,03-28-2022,25.0,cloudy,63,13.0
17d73711,03-29-2022,20.1,sunny,53,13.6
63dc647c,03-30-2022,19.6,humid,66,13.1
ed8c1fc1,03-31-2022,19.8,sunny,52,21.8
2c66d115,04-01-2022,27.2,sunny,55,19.0
5b28c99a,04-02-2022,27.3,sunny,46,16.9
b51278a3,04-03-2022,24.7,cloudy,56,21.6
44617c1a,04-04-2022,28.7,humid,69,25.4
bf66e778,04-05-2022,26.4,humid,72,17.9
b6256c61,04-06-2022,22.8,sunny,52,13.9
98147d22,04-07-2022,24.1,sunny,53,19.6
aefd08e5,04-08-2022,26.4,cloudy,60,11.2
7d86f93c,04-09-2022,25.9,sunny,46,18.0
d9f77224,04-10-2022,30.2,sunny,57,12.2
51ce097e,04-11-2022,31.4,sunny,51,16.6
df0e8ebf,04-12-2022,22.8,sunny,70,17.9
0c3ec1f4,04-13-2022,27.3,sunny,54,16.8
4ac713c9,04-14-2022,24.7,sunny,55,20.7
114b8328,04-15-2022,29.1,sunny,71,19.5
b3e6a9ac,04-16-2022,25.8,rainy,57,18.7
ef4d80e4,04-17-2022,25.8,sunny,62,14.3
0dcca42f,04-18-2022,27.2,sunny,50,14.9
9318ef6c,04-19-2022,23.8,sunny,45,13.6
56a35268,04-20-2022,25.0,sunny,57,15.0
84e03441,04-21-2022,27.2,cloudy,58,14.6
f8c4a0e6,04-22-2022,30.9,sunny,60,11.2
e32bfb8d,04-23-2022,26.9,sunny,58,17.8
5def1669,04-24-2022,26.2,sunny,53,16.2
651b0b32,04-25-2022,23.9,sunny,47,18.8
8101f82d,04-26-2022,27.2,sunny,59,27.2
4b07a267,04-27-2022,27.0,cloudy,59,19.5
cf3cf941,04-28-2022,25.5,cloudy,60,16.8
86c7fba2,04-29-2022,24.4,sunny,60,17.7
a992edee,04-30-2022,29.7,cloudy,52,16.8
3d0f6e9c,05-01-2022,33.4,sunny,50,20.3
47bbed94,05-02-2022,31.5,sunny,53,23.7
ec733483,05-03-2022,32.7,sunny,60,25.8
c063cbf7,05-04-2022,32.7,sunny,58,21.1
40e01b34,05-05-2022,33.1,sunny,62,22.0
57fa0997,05-06-2022,32.4,sunny,51,19.7
b70dd590,05-07-2022,32.1,sunny,50,22.2
54fae1c8,05-08-2022,29.5,sunny,65,26.7
4c895b66,05-09-2022,31.3,sunny,51,19.5
2626bc16,05-10-2022,32.4,sunny,63,27.8
c104a3aa,05-11-2022,32.3,cloudy,55,23.4
b2f0af94,05-12-2022,29.1,sunny,63,18.9
1ae5a054,05-13-2022,32.3,cloudy,52,21.3
81188358,05-14-2022,34.8,sunny,53,17.4
97ab692b,05-15-2022,35.6,sunny,64,11.9
c7908c42,05-16-2022,32.8,sunny,53,23.3
d64da71b,05-17-2022,33.0,cloudy,53,21.0
c630a2a4,05-18-2022,25.1,sunny,51,24.3
3e5105c9,05-19-2022,32.3,sunny,62,18.8
6916d311,05-20-2022,31.3,cloudy,53,19.4
d85df743,05-21-2022,31.5,sunny,55,21.1
f985c476,05-22-2022,33.0,dusty,48,29.5
2350accb,05-23-2022,35.5,cloudy,57,21.3
4cbc08d2,05-24-2022,32.5,sunny,52,21.5
3e16e2af,05-25-2022,27.6,sunny,57,16.2
d28f3b7b,05-26-2022,30.5,sunny,48,23.2
ccb15d6f,05-27-2022,33.7,sunny,51,15.8
c11a74eb,05-28-2022,33.7,cloudy,51,21.3
a4fda6de,05-29-2022,33.5,sunny,59,13.8
b816fcb7,05-30-2022,32.8,cloudy,57,9.2
10d67c7d,05-31-2022,28.6,sunny,51,21.1
e5898215,06-01-2022,31.8,cloudy,65,23.0
92961b17,06-02-2022,35.1,cloudy,60,17.5
3c13ad03,06-03-2022,33.8,sunny,58,19.4
43cfbf2e,06-04-2022,37.8,sunny,48,26.9
8a535641,06-05-2022,33.6,sunny,56,25.3
f0146fec,06-06-2022,33.6,sunny,78,18.7
582476a0,06-07-2022,32.0,sunny,60,26.0
d78b8327,06-08-2022,34.6,sunny,52,25.2
58be1bc0,06-09-2022,37.5,sunny,56,19.8
73e91ef9,06-10-2022,37.3,sunny,61,26.4
797a241f,06-11-2022,36.0,cloudy,66,20.6
e1e870c5,06-12-2022,36.5,cloudy,66,23.4
3bfe52c8,06-13-2022,35.6,rainy,70,20.8
98377099,06-14-2022,34.8,sunny,56,25.0
a04c5add,06-15-2022,35.3,sunny,70,22.1
b29adad0,06-16-2022,33.3,cloudy,55,19.4
715e8e02,06-17-2022,30.9,cloudy,69,17.9
e965994e,06-18-2022,33.1,sunny,61,26.4
868757da,06-19-2022,36.3,cloudy,57,19.4
5baf1b1e,06-20-2022,36.2,sunny,67,16.3
9f211b8e,06-21-2022,32.9,sunny,67,23.0
fe258276,06-22-2022,35.1,sunny,62,22.6
747baff3,06-23-2022,35.4,sunny,57,30.4
22ac7f5b,06-24-2022,36.6,cloudy,56,15.1
d6b5859c,06-25-2022,33.7,sunny,59,22.7
6b19709b,06-26-2022,34.4,sunny,55,17.7
a31c42b9,06-27-2022,36.9,sunny,49,17.8
faa5c73c,06-28-2022,35.4,sunny,59,24.9
c57ad2b1,06-29-2022,35.2,cloudy,50,21.8
b04730b8,06-30-2022,34.2,sunny,63,13.9
80211248,07-01-2022,39.0,sunny,66,19.9
e604a2b2,07-02-2022,37.6,sunny,68,19.9
80bcc837,07-03-2022,40.3,sunny,55,25.0
f6c42929,07-04-2022,37.7,dusty,57,28.4
89260028,07-05-2022,36.6,sunny,62,20.4
6eab1788,07-06-2022,36.4,sunny,67,20.0
6e3ccf82,07-07-2022,33.9,sunny,65,14.9
61434def,07-08-2022,37.1,sunny,63,20.8
a3a5bd7e,07-09-2022,38.7,sunny,60,23.5
05e36a86,07-10-2022,38.8,sunny,52,17.9
be7ef6fd,07-11-2022,39.1,sunny,58,24.4
d7d9cbf1,07-12-2022,39.3,sunny,63,18.9
26823740,07-13-2022,36.1,humid,75,18.2
2d2a224e,07-14-2022,34.8,sunny,69,16.9
502f32a7,07-15-2022,36.0,sunny,51,24.0
53cd51a8,07-16-2022,41.1,sunny,69,23.4
3f6c4361,07-17-2022,41.5,sunny,64,26.1
8d3e7772,07-18-2022,39.6,dusty,61,34.9
38176ab2,07-19-2022,37.6,sunny,70,27.4
8a8ebecc,07-20-2022,37.1,humid,81,24.4
b2ac405b,07-21-2022,36.9,sunny,73,25.7
0a523355,07-22-2022,40.4,sunny,67,18.9
ac120ea0,07-23-2022,39.5,sunny,63,23.7
d5c9d4d0,07-24-2022,37.7,cloudy,55,17.3
f4b7ea57,07-25-2022,41.7,sunny,67,24.1
f3b9e5c3,07-26-2022,36.3,sunny,60,20.3
31b2f63d,07-27-2022,34.7,sunny,58,21.0
4d938c50,07-28-2022,35.4,sunny,68,28.5
0458332e,07-29-2022,37.5,humid,60,30.3
a07568ba,07-30-2022,39.8,cloudy,64,19.8
682d3369,07-31-2022,38.3,cloudy,51,18.5
72be0581,08-01-2022,41.0,sunny,75,16.8
8a416153,08-02-2022,40.4,sunny,68,24.2
c7c23ea2,08-03-2022,37.5,sunny,66,17.0
22a23581,08-04-2022,34.6,cloudy,57,17.1
e635b7c7,08-05-2022,39.6,sunny,62,22.3
ab47b95e,08-06-2022,39.5,sunny,74,19.6
90997980,08-07-2022,39.7,sunny,70,18.3
fb726b29,08-08-2022,37.6,sunny,58,24.1
a463d900,08-09-2022,36.8,sunny,64,21.6
51e73ea3,08-10-2022,36.5,sunny,70,21.4
3b8f3e8c,08-11-2022,33.6,dusty,51,26.3
fd393da7,08-12-2022,40.9,sunny,64,19.7
a6b335a5,08-13-2022,37.7,sunny,79,24.3
0de672ee,08-14-2022,38.8,sunny,77,16.9
1d549994,08-15-2022,38.6,sunny,69,26.5
cb85cac8,08-16-2022,37.6,sunny,61,22.5
ccbed842,08-17-2022,32.9,sunny,66,20.0
f6486f1d,08-18-2022,35.3,cloudy,74,21.4
7ad08668,08-19-2022,40.5,sunny,72,22.0
ce7b791a,08-20-2022,39.3,cloudy,75,23.8
a20c9f4a,08-21-2022,41.9,dusty,64,32.1
7e92a5ba,08-22-2022,35.9,sunny,74,19.2
0aa865cf,08-23-2022,37.6,sunny,71,22.4
2a25f0c3,08-24-2022,38.5,sunny,65,17.1
1906ccc0,08-25-2022,38.6,sunny,59,20.5
69d7fdc8,08-26-2022,43.3,sunny,87,22.0
fddb17f3,08-27-2022,42.0,humid,67,26.4
e09a3947,08-28-2022,38.8,sunny,68,21.6
252f9012,08-29-2022,40.1,sunny,74,20.9
b85a2200,08-30-2022,36.9,humid,80,12.3
d97548ff,08-31-2022,36.2,sunny,67,23.5
526e693c,09-01-2022,31.2,sunny,60,15.6
f736f805,09-02-2022,35.2,sunny,72,8.1
e761050e,09-03-2022,38.4,humid,79,17.6
768caf06,09-04-2022,34.2,sunny,66,19.7
cba15663,09-05-2022,34.2,sunny,75,19.8
0a235efe,09-06-2022,35.6,cloudy,59,13.7
f48c0b30,09-07-2022,34.8,sunny,73,14.9
09ddecbe,09-08-2022,33.6,sunny,78,17.0
556e9463,09-09-2022,36.7,sunny,68,18.9
a9c15468,09-10-2022,34.8,cloudy,61,20.4
c28245b2,09-11-2022,37.2,sunny,82,17.8
b5348743,09-12-2022,35.0,rainy,86,22.1
f68e9c22,09-13-2022,37.7,sunny,74,13.7
5acac902,09-14-2022,32.6,cloudy,75,11.6
ada085c1,09-15-2022,33.1,sunny,76,11.0
135ff4c5,09-16-2022,31.5,humid,92,26.0
2ed7ef26,09-17-2022,35.7,cloudy,67,12.2
e7c49552,09-18-2022,37.1,sunny,62,19.7
99262328,09-19-2022,37.6,sunny,66,21.6
2be5dbb0,09-20-2022,35.4,sunny,75,15.6
9b5a467e,09-21-2022,38.5,sunny,65,18.6
e8c2d863,09-22-2022,33.8,sunny,73,11.6
96da7b5f,09-23-2022,35.9,sunny,75,18.1
9990a9f2,09-24-2022,38.5,humid,84,19.0
339436bc,09-25-2022,32.3,sunny,65,19.4
d8f665f6,09-26-2022,37.5,sunny,77,17.5
4b6dc6b2,09-27-2022,35.1,cloudy,74,25.5
d5568d91,09-28-2022,33.9,cloudy,71,17.5
1f110e0f,09-29-2022,35.6,humid,84,18.6
1bdfc652,09-30-2022,30.2,dusty,53,28.0
559ed427,10-01-2022,32.5,sunny,63,12.1
75963d9c,10-02-2022,36.5,sunny,61,14.8
2c38e5c1,10-03-2022,30.5,sunny,59,14.4
569ce9ab,10-04-2022,29.0,dusty,55,28.7
67131a6e,10-05-2022,30.8,sunny,62,20.0
048aa1b6,10-06-2022,31.1,sunny,72,13.4
e42cd1cd,10-07-2022,33.2,sunny,54,15.9
0b801937,10-08-2022,31.7,sunny,61,7.7
5b91b3c6,10-09-2022,30.8,rainy,70,16.6
df81606b,10-10-2022,32.9,sunny,66,18.9
30185397,10-11-2022,32.4,sunny,58,12.4
883a0cbb,10-12-2022,33.5,rainy,70,17.2
ff5fb07a,10-13-2022,28.3,sunny,65,9.3
f7184725,10-14-2022,30.5,sunny,49,11.8
7d50c98b,10-15-2022,34.4,cloudy,59,9.3
30b48f9b,10-16-2022,31.0,rainy,77,19.2
9a237918,10-17-2022,33.1,sunny,61,12.4
989a947b,10-18-2022,31.2,cloudy,61,14.1
26c08bfd,10-19-2022,28.8,sunny,67,12.0
e9549d0f,10-20-2022,29.8,sunny,60,10.3
916402e9,10-21-2022,31.8,sunny,60,10.2
9623ce7e,10-22-2022,30.7,sunny,71,13.6
0a2fb4b1,10-23-2022,32.4,cloudy,61,13.4
3a19012e,10-24-2022,33.8,rainy,74,24.8
ee89f477,10-25-2022,26.9,cloudy,69,15.9
94f616fe,10-26-2022,30.6,sunny,65,18.0
384a82db,10-27-2022,29.7,sunny,65,18.3
b4798477,10-28-2022,30.7,humid,77,17.7
c47d0ac4,10-29-2022,33.1,sunny,58,14.9
6c63401d,10-30-2022,32.8,cloudy,68,11.7
0f666da3,10-31-2022,31.1,sunny,57,8.0
238fb6a9,11-01-2022,20.8,sunny,51,11.2
57668c81,11-02-2022,23.6,cloudy,48,17.9
75bbf384,11-03-2022,23.0,rainy,69,17.7
573f423c,11-04-2022,25.8,sunny,63,20.9
65d7c4de,11-05-2022,26.8,humid,68,12.8
cebe54df,11-06-2022,28.2,sunny,64,16.3
3732fd8d,11-07-2022,25.8,sunny,65,18.9
b9de1832,11-08-2022,24.5,sunny,51,13.3
21a2cf50,11-09-2022,26.0,sunny,58,12.8
281ef539,11-10-2022,22.7,sunny,62,12.0
08baae9a,11-11-2022,23.1,cloudy,50,16.6
83876e23,11-12-2022,27.9,cloudy,61,16.4
8d089276,11-13-2022,24.3,sunny,64,16.1
3a27059c,11-14-2022,21.8,dusty,48,23.6
9d26c9df,11-15-2022,22.8,sunny,62,13.1
b9e202af,11-16-2022,25.8,sunny,65,15.1
e2513bb0,11-17-2022,23.2,sunny,48,19.0
d8eb60dc,11-18-2022,24.8,sunny,72,18.2
da54f4f5,11-19-2022,30.5,sunny,64,12.8
0f009c21,11-20-2022,28.7,cloudy,58,14.8
a8700b7b,11-21-2022,22.8,sunny,43,13.3
27ecaa3c,11-22-2022,21.0,cloudy,59,10.6
fba9efa7,11-23-2022,24.8,cloudy,63,20.3
9f7a801e,11-24-2022,21.9,sunny,65,11.3
0e96d0a4,11-25-2022,25.4,sunny,61,13.5
052ce66e,11-26-2022,24.7,sunny,56,7.8
1dcc27bf,11-27-2022,24.1,sunny,58,12.7
53f74e8b,11-28-2022,26.6,sunny,73,14.8
551ab2ee,11-29-2022,26.6,sunny,58,16.5
cefbaa45,11-30-2022,25.5,sunny,55,22.2
aba2ad44,12-01-2022,19.3,cloudy,63,4.8
509ec21d,12-02-2022,20.8,cloudy,65,13.6
b77c4746,12-03-2022,20.6,cloudy,58,8.7
5aaad9af,12-04-2022,20.1,sunny,61,13.2
3bae1972,12-05-2022,20.9,cloudy,57,12.3
d4c0dbe5,12-06-2022,16.5,sunny,52,11.5
abcc1533,12-07-2022,15.4,sunny,56,14.6
463d2280,12-08-2022,18.4,sunny,58,9.9
5a45aa4a,12-09-2022,18.6,cloudy,68,6.9
f92c8974,12-10-2022,20.6,sunny,58,12.4
d786ea40,12-11-2022,19.8,rainy,70,11.6
64f9aaf6,12-12-2022,21.4,sunny,63,16.3
abcd20c8,12-13-2022,16.7,cloudy,64,18.3
2792ad29,12-14-2022,17.5,sunny,67,9.2
226708bd,12-15-2022,18.4,sunny,59,6.1
d8b3be32,12-16-2022,20.5,cloudy,61,9.0
63c794d4,12-17-2022,18.9,sunny,59,12.5
a8717175,12-18-2022,19.6,cloudy,62,9.5
ca950510,12-19-2022,21.5,sunny,56,10.9
0fcd056d,12-20-2022,18.2,sunny,67,5.5
b4ed406f,12-21-2022,20.5,rainy,74,11.7
3d7f2266,12-22-2022,18.3,sunny,63,19.4
e9e39e5a,12-23-2022,18.5,cloudy,62,8.3
7bc33704,12-24-2022,22.2,sunny,62,13.7
804a28aa,12-25-2022,22.6,sunny,57,6.8
b9893c61,12-26-2022,19.0,sunny,71,20.1
efd12c5c,12-27-2022,19.2,sunny,56,12.5
f98a452f,12-28-2022,16.9,rainy,66,14.5
fadda55c,12-29-2022,17.4,sunny,69,14.8
e348a1fe,12-30-2022,20.3,sunny,45,9.5
a196a9a4,12-31-2022,20.5,cloudy,61,15.2
4f3e29b0,01-01-2023,17.9,sunny,58,13.3
7e6f460b,01-02-2023,19.0,cloudy,78,15.3
0f1d6de6,01-03-2023,16.5,cloudy,68,15.3
3e124020,01-04-2023,13.7,sunny,52,11.5
4f51da7e,01-05-2023,15.1,cloudy,64,12.1
707a33e5,01-06-2023,17.3,sunny,59,9.9
882c9c44,01-07-2023,18.0,cloudy,58,6.9
58b08604,01-08-2023,23.2,sunny,51,16.4
7c29c089,01-09-2023,23.9,dusty,40,23.4
9d9c6bd3,01-10-2023,19.4,cloudy,54,13.4
4c0ba386,01-11-2023,16.7,sunny,58,7.1
2746ee07,01-12-2023,15.9,sunny,70,18.7
1e9bc7b4,01-13-2023,18.7,sunny,66,7.8
8606b6cb,01-14-2023,18.2,sunny,58,18.0
adbc295c,01-15-2023,16.2,sunny,66,11.2
aa8f0195,01-16-2023,20.0,cloudy,54,14.1
6039cdc5,01-17-2023,16.9,cloudy,53,9.2
6307dfb7,01-18-2023,18.2,cloudy,56,17.1
d4b10051,01-19-2023,17.5,sunny,65,12.4
7aa9260b,01-20-2023,17.2,cloudy,57,14.0
ab35ae82,01-21-2023,19.3,sunny,60,10.6
6e45c07f,01-22-2023,16.5,sunny,53,19.6
c1b39841,01-23-2023,21.8,sunny,54,7.5
e67ce1a3,01-24-2023,18.8,rainy,74,12.9
5f0e2b7c,01-25-2023,16.5,cloudy,62,14.0
d42478df,01-26-2023,15.7,humid,71,8.5
7b60c52e,01-27-2023,13.3,sunny,53,13.5
e8502e7f,01-28-2023,17.7,sunny,56,11.4
6a8611ac,01-29-2023,18.5,dusty,58,18.0
5a797265,01-30-2023,17.3,cloudy,58,9.1
b114187d,01-31-2023,19.3,dusty,48,18.1
8111b25e,02-01-2023,19.6,sunny,70,19.4
90acd7ea,02-02-2023,19.1,humid,63,13.2
69ddfa96,02-03-2023,18.0,sunny,65,15.7
9f2cfac2,02-04-2023,17.0,sunny,56,7.5
17323837,02-05-2023,23.6,sunny,64,17.5
9ee4bab0,02-06-2023,22.2,sunny,64,12.5
bcac858e,02-07-2023,18.2,sunny,61,16.9
343cdbba,02-08-2023,21.5,sunny,59,14.5
55daf453,02-09-2023,17.4,sunny,70,6.7
e4f083ed,02-10-2023,18.1,rainy,73,15.8
706f6dd0,02-11-2023,20.3,sunny,62,10.8
b9b800a4,02-12-2023,21.9,sunny,65,11.1
cbc23f78,02-13-2023,21.0,sunny,57,16.5
0e407168,02-14-2023,21.7,cloudy,54,12.4
83db8712,02-15-2023,21.4,sunny,58,10.6
108903a7,02-16-2023,18.8,cloudy,70,14.5
cf6639ab,02-17-2023,13.5,rainy,71,21.1
77c82ed4,02-18-2023,15.2,sunny,60,10.7
79c3f578,02-19-2023,19.7,dusty,57,28.3
64077de6,02-20-2023,19.3,cloudy,60,15.2
218d31ac,02-21-2023,17.8,cloudy,60,12.5
101d2d58,02-22-2023,16.7,humid,71,16.1
3b752def,02-23-2023,19.0,dusty,41,14.6
8e42b04f,02-24-2023,17.6,sunny,63,13.2
9c75d48c,02-25-2023,15.1,cloudy,55,13.9
8cd20ce0,02-26-2023,21.0,sunny,53,11.3
c39a6326,02-27-2023,21.4,sunny,48,9.1
abd87154,02-28-2023,17.3,sunny,52,14.3
ec515527,03-01-2023,16.9,sunny,62,23.7
7aaf24e8,03-02-2023,21.9,cloudy,64,14.1
f7be8771,03-03-2023,20.1,humid,69,17.2
06dfcabc,03-04-2023,23.9,sunny,50,16.3
ebbe9a54,03-05-2023,20.8,sunny,55,17.6
04296835,03-06-2023,26.5,sunny,61,12.9
48fd6dda,03-07-2023,23.0,sunny,59,20.4
d4d0ded8,03-08-2023,19.3,humid,61,20.8
b7172e7b,03-09-2023,17.4,cloudy,55,11.0
4a54cf41,03-10-2023,18.3,sunny,56,8.9
3b626387,03-11-2023,23.1,sunny,55,11.9
7c6e803d,03-12-2023,17.9,sunny,49,12.9
7f1b1316,03-13-2023,22.3,rainy,68,13.2
9caf2e89,03-14-2023,19.2,sunny,53,17.1
f5b9b115,03-15-2023,21.0,sunny,62,16.6
e922efbf,03-16-2023,19.8,rainy,62,13.0
7b0b7c41,03-17-2023,19.9,sunny,53,14.2
b325d94c,03-18-2023,21.1,sunny,59,12.1
6d4ab016,03-19-2023,21.3,cloudy,52,12.2
79febd45,03-20-2023,20.9,cloudy,66,7.5
3541666f,03-21-2023,20.7,sunny,55,14.9
cc1c2803,03-22-2023,19.4,sunny,57,17.3
093e12af,03-23-2023,19.5,sunny,60,14.4
f39314d6,03-24-2023,22.9,rainy,67,15.7
dcf05697,03-25-2023,20.6,rainy,72,21.6
4092df46,03-26-2023,20.2,rainy,72,16.6
9b20c672,03-27-2023,22.5,sunny,55,14.2
cf6f26c9,03-28-2023,25.3,sunny,61,13.5
207d8d19,03-29-2023,20.2,sunny,51,19.2
f2756c67,03-30-2023,20.9,sunny,64,18.3
dc351ce7,03-31-2023,20.4,sunny,41,18.5
90a6707a,04-01-2023,28.1,cloudy,53,12.1
6d87720b,04-02-2023,29.9,sunny,54,15.5
4c2f914c,04-03-2023,28.4,cloudy,51,19.2
d31bec1d,04-04-2023,27.5,sunny,60,22.2
45048e85,04-05-2023,26.2,cloudy,62,13.7
57b4681a,04-06-2023,27.3,sunny,61,25.9
bd16d24b,04-07-2023,28.7,sunny,51,12.1
369b5556,04-08-2023,26.4,sunny,63,15.7
83b9956a,04-09-2023,32.4,sunny,57,22.7
ba1c29cc,04-10-2023,31.0,cloudy,54,15.0
eb66faf5,04-11-2023,27.5,sunny,54,24.5
d978257f,04-12-2023,28.2,sunny,55,15.2
707cc3a9,04-13-2023,29.3,sunny,58,16.8
9bc35204,04-14-2023,22.3,sunny,59,22.3
93803ed0,04-15-2023,28.2,dusty,41,29.0
45c883f8,04-16-2023,30.6,sunny,66,21.1
e120e46b,04-17-2023,29.2,sunny,57,14.0
b4177181,04-18-2023,28.1,sunny,51,18.3
3f724dec,04-19-2023,21.5,rainy,64,17.8
2a5aae27,04-20-2023,26.0,humid,60,19.2
6a7e5dfa,04-21-2023,25.7,sunny,60,18.1
e9c177e5,04-22-2023,23.7,humid,58,9.3
f125c21a,04-23-2023,30.1,sunny,60,21.0
4c15edf7,04-24-2023,27.2,sunny,65,22.6
d6d481ec,04-25-2023,28.0,humid,58,14.5
169a4a00,04-26-2023,25.4,sunny,60,23.1
b7c0d81f,04-27-2023,25.6,sunny,49,17.4
d7d5d316,04-28-2023,24.9,sunny,64,22.7
352c23b2,04-29-2023,27.7,sunny,70,23.3
06c8758c,04-30-2023,29.8,sunny,51,10.4
9c3daedc,05-01-2023,32.9,sunny,53,22.2
d4195a33,05-02-2023,36.8,sunny,50,22.0
db7d5d02,05-03-2023,31.6,sunny,54,18.2
aaeb25e3,05-04-2023,29.7,sunny,54,20.5
f3e4f47d,05-05-2023,32.0,sunny,54,16.0
c67e17f6,05-06-2023,27.7,dusty,47,26.8
dc165e1c,05-07-2023,35.3,sunny,59,17.9
cd3be3aa,05-08-2023,35.1,sunny,56,26.0
22a799db,05-09-2023,35.3,sunny,53,22.2
32fc8b19,05-10-2023,32.4,cloudy,58,22.9
a889723e,05-11-2023,34.5,cloudy,46,25.3
80e65c8b,05-12-2023,33.7,sunny,64,25.4
38c74696,05-13-2023,32.3,sunny,48,24.2
c3c9b3d9,05-14-2023,32.7,sunny,62,20.5
057fd8b0,05-15-2023,33.9,sunny,57,19.7
88b69843,05-16-2023,31.4,sunny,53,17.4
907c1df3,05-17-2023,31.3,sunny,66,20.6
5e147e9e,05-18-2023,32.0,sunny,61,19.0
2ad3788f,05-19-2023,31.4,sunny,57,21.2
bd813936,05-20-2023,33.1,sunny,61,22.5
32250e07,05-21-2023,32.7,sunny,48,17.5
23c34795,05-22-2023,31.9,sunny,46,16.7
b798437c,05-23-2023,33.0,sunny,58,22.1
ef9f14d1,05-24-2023,28.6,sunny,52,23.5
0c6f6805,05-25-2023,32.6,sunny,62,22.2
8d25175b,05-26-2023,33.9,rainy,65,26.8
2a2f2947,05-27-2023,34.3,sunny,45,14.4
34b8b03c,05-28-2023,35.5,sunny,49,28.7
df95ff5d,05-29-2023,32.9,dusty,55,33.1
2de2be4a,05-30-2023,33.5,sunny,74,18.2
35973b58,05-31-2023,34.4,cloudy,56,20.7
8facec01,06-01-2023,33.4,sunny,66,31.0
96df6c83,06-02-2023,33.7,sunny,64,13.9
8191ca37,06-03-2023,35.9,cloudy,67,19.6
be8cf3b5,06-04-2023,39.0,sunny,50,25.6
8d0eced1,06-05-2023,35.4,cloudy,52,23.6
706fc4a6,06-06-2023,37.9,cloudy,59,18.4
fd18d066,06-07-2023,35.2,sunny,61,23.5
70b6ac12,06-08-2023,33.3,rainy,68,24.2
d35476c3,06-09-2023,33.5,rainy,65,29.2
89bb56be,06-10-2023,39.4,humid,74,13.5
c4519cc5,06-11-2023,35.8,sunny,53,20.0
0bd3513b,06-12-2023,31.6,rainy,71,27.0
d6bbbaf1,06-13-2023,35.1,sunny,59,18.3
416e8b10,06-14-2023,35.1,sunny,61,22.9
620449cd,06-15-2023,34.3,sunny,68,23.0
f2be3942,06-16-2023,34.3,sunny,67,14.7
0ba96ac7,06-17-2023,36.4,sunny,64,23.6
df02bef6,06-18-2023,39.7,sunny,57,23.8
067848b5,06-19-2023,35.5,sunny,62,19.7
19ce7b8d,06-20-2023,32.4,sunny,50,20.2
669fb8ff,06-21-2023,34.5,sunny,51,20.6
135d845b,06-22-2023,33.9,sunny,61,21.3
29019337,06-23-2023,32.2,sunny,69,23.8
3b0c9187,06-24-2023,32.3,sunny,63,29.0
16cf00ce,06-25-2023,37.0,sunny,58,20.2
ad71b930,06-26-2023,36.3,sunny,51,23.3
f8501142,06-27-2023,37.6,sunny,55,19.0
b32fbc85,06-28-2023,33.5,cloudy,62,25.2
14d340d8,06-29-2023,34.1,sunny,53,19.5
34db8d01,06-30-2023,35.2,sunny,61,20.3
acac20c4,07-01-2023,41.4,sunny,74,24.1
c26a39f3,07-02-2023,36.7,sunny,60,17.3
eed4f6e8,07-03-2023,38.1,sunny,59,25.5
052c0966,07-04-2023,35.8,cloudy,62,27.5
67a07e59,07-05-2023,36.3,cloudy,63,19.9
173acf3c,07-06-2023,36.3,humid,71,16.5
993e5766,07-07-2023,34.8,sunny,61,14.1
44f725a6,07-08-2023,39.8,sunny,65,23.4
d8ce5419,07-09-2023,41.1,sunny,68,19.2
dcc2977c,07-10-2023,41.5,sunny,65,23.7
40d73e01,07-11-2023,39.8,cloudy,65,20.5
093426f3,07-12-2023,37.7,dusty,51,30.0
4247358d,07-13-2023,37.6,sunny,65,26.9
5067ffaa,07-14-2023,35.5,sunny,67,16.9
4aacfdfb,07-15-2023,38.4,sunny,70,24.5
318c71aa,07-16-2023,37.1,sunny,64,24.8
02b2d323,07-17-2023,42.7,sunny,60,21.7
a8ca50fb,07-18-2023,39.4,dusty,59,31.7
f3a11568,07-19-2023,40.0,sunny,50,26.3
2e4ef3c0,07-20-2023,34.5,sunny,49,20.4
5bfefaaa,07-21-2023,34.1,sunny,75,25.5
4b8156f4,07-22-2023,37.5,sunny,59,21.0
25020b71,07-23-2023,39.9,sunny,65,22.7
54039139,07-24-2023,36.6,dusty,63,28.2
2a8a9cd0,07-25-2023,35.9,sunny,55,25.4
268b165a,07-26-2023,37.0,sunny,57,18.9
69bee318,07-27-2023,35.7,sunny,55,17.6
c401f25e,07-28-2023,37.3,sunny,67,21.9
7b6f6985,07-29-2023,39.5,sunny,62,19.6
e782f787,07-30-2023,37.8,sunny,63,23.9
00e0b650,07-31-2023,36.2,sunny,62,21.7
cb4cc93d,08-01-2023,38.3,sunny,75,15.5
4f6b10d7,08-02-2023,38.1,dusty,55,29.5
0944e766,08-03-2023,35.8,sunny,70,20.0
744d31cf,08-04-2023,34.7,sunny,66,23.3
1e18e9bc,08-05-2023,35.2,sunny,74,24.1
0160b58b,08-06-2023,40.8,sunny,67,23.1
7b505bf1,08-07-2023,39.3,sunny,69,22.6
96348baf,08-08-2023,38.8,dusty,64,23.7
b67d0e97,08-09-2023,37.0,cloudy,59,21.6
0f5663af,08-10-2023,38.7,sunny,65,18.6
aafc8d5c,08-11-2023,34.8,sunny,69,23.2
9ed5ec0d,08-12-2023,38.2,sunny,69,22.0
7ea21c7f,08-13-2023,39.7,sunny,70,19.0
5434fbb6,08-14-2023,37.3,cloudy,70,28.4
b1acee3d,08-15-2023,35.2,sunny,75,14.1
31c6abc2,08-16-2023,35.5,sunny,69,26.6
ff7bf974,08-17-2023,35.1,cloudy,71,12.8
89620b95,08-18-2023,37.8,sunny,70,21.0
6696dac1,08-19-2023,36.9,sunny,66,24.2
ddc4a2fc,08-20-2023,37.9,cloudy,68,15.5
3f3d3ac0,08-21-2023,41.1,sunny,60,16.2
8fb863d1,08-22-2023,38.2,humid,66,19.9
698ec4e5,08-23-2023,35.4,cloudy,69,25.5
85be230f,08-24-2023,39.2,rainy,77,23.7
08779b98,08-25-2023,36.2,sunny,62,26.6
ea8511a7,08-26-2023,40.3,sunny,63,9.9
a26add9d,08-27-2023,38.6,sunny,61,19.7
f3e00222,08-28-2023,39.7,sunny,64,21.0
32855f6e,08-29-2023,38.9,rainy,85,19.8
729c4cde,08-30-2023,38.8,humid,72,18.7
ad94f76d,08-31-2023,36.1,sunny,58,19.9
04b78d66,09-01-2023,35.7,sunny,66,21.2
c7d7ecc5,09-02-2023,31.9,sunny,67,14.9
8dc1942b,09-03-2023,35.5,sunny,61,16.0
3a36691f,09-04-2023,37.7,sunny,69,19.5
f6ac1706,09-05-2023,41.3,cloudy,72,15.1
347d1a97,09-06-2023,35.2,cloudy,68,18.0
0be9d76d,09-07-2023,36.2,sunny,53,19.7
46abbd13,09-08-2023,33.4,cloudy,67,17.8
48524bdd,09-09-2023,34.4,sunny,72,16.0
ca1112f8,09-10-2023,38.2,cloudy,71,11.3
f1324cf7,09-11-2023,36.9,rainy,65,25.9
ee87a788,09-12-2023,38.5,sunny,67,22.3
0ef8e3f4,09-13-2023,32.4,sunny,64,20.8
b0aadfac,09-14-2023,35.9,sunny,61,18.8
28438b5e,09-15-2023,33.6,cloudy,72,15.5
a8b3da21,09-16-2023,36.7,humid,88,17.2
7763597e,09-17-2023,33.7,sunny,71,24.0
31a63581,09-18-2023,36.1,sunny,75,13.7
62c028b9,09-19-2023,36.3,humid,84,15.1
4db7da05,09-20-2023,33.7,sunny,61,16.3
6c215e4e,09-21-2023,32.3,cloudy,73,16.1
e14dd768,09-22-2023,34.3,sunny,78,14.4
8d57bbdb,09-23-2023,37.7,sunny,70,20.0
cd0d970f,09-24-2023,32.9,sunny,80,14.1
b230b512,09-25-2023,36.9,sunny,72,22.6
8e3f2952,09-26-2023,31.0,cloudy,75,10.7
16709782,09-27-2023,34.1,sunny,70,8.7
72282f8a,09-28-2023,32.4,dusty,63,31.1
cd1f13fa,09-29-2023,35.7,sunny,71,16.3
3a6ff106,09-30-2023,31.6,sunny,74,20.5
944d5b87,10-01-2023,34.1,sunny,76,14.3
44716013,10-02-2023,34.1,sunny,49,20.6
2daa3e61,10-03-2023,30.6,rainy,63,21.2
5383553e,10-04-2023,32.1,sunny,58,13.7
b4ce2d8b,10-05-2023,26.9,cloudy,70,27.2
c9dfacc1,10-06-2023,29.1,sunny,52,20.1
b25aa31a,10-07-2023,30.7,sunny,61,20.7
1db1db39,10-08-2023,31.7,sunny,63,14.7
99ec7df4,10-09-2023,32.6,sunny,50,18.1
3cdb6dbb,10-10-2023,36.5,sunny,55,15.5
fad01835,10-11-2023,27.4,cloudy,61,27.3
c1930c65,10-12-2023,28.5,rainy,70,27.3
644b44f5,10-13-2023,30.7,sunny,57,18.3
bf859cfd,10-14-2023,31.5,sunny,62,19.3
b9f28b79,10-15-2023,32.9,rainy,67,13.8
f42c2366,10-16-2023,34.3,cloudy,69,18.2
08ffc0f8,10-17-2023,28.9,sunny,51,10.8
bc1f694f,10-18-2023,34.7,sunny,56,13.2
ab87dc45,10-19-2023,29.7,cloudy,57,19.1
0ba58f11,10-20-2023,26.2,sunny,70,12.8
000c4581,10-21-2023,29.3,sunny,68,16.2
923908cd,10-22-2023,35.5,sunny,58,18.4
05b8d12b,10-23-2023,33.4,sunny,58,14.0
1fe606ad,10-24-2023,29.5,humid,67,5.6
a1695ced,10-25-2023,33.9,sunny,59,19.1
99fde50d,10-26-2023,31.4,sunny,74,7.6
29ba43ac,10-27-2023,29.1,cloudy,59,17.8
ed8508b8,10-28-2023,33.1,sunny,65,15.2
433ee832,10-29-2023,29.7,sunny,58,12.5
efbda555,10-30-2023,30.4,sunny,61,17.8
ecb0081d,10-31-2023,28.2,sunny,54,20.1
7bd7de23,11-01-2023,25.3,sunny,62,13.9
6213d129,11-02-2023,19.5,sunny,58,13.9
2e5bd49e,11-03-2023,20.3,sunny,56,17.9
645de686,11-04-2023,25.4,cloudy,51,9.4
6967144a,11-05-2023,29.0,cloudy,54,13.0
62c380d1,11-06-2023,25.2,cloudy,63,10.0
eacdb67f,11-07-2023,30.5,sunny,65,16.9
7fcdaa87,11-08-2023,26.8,sunny,63,12.4
17bc0afe,11-09-2023,26.1,sunny,54,14.5
a2f57a2e,11-10-2023,24.2,sunny,54,7.9
350ba691,11-11-2023,25.9,sunny,60,22.3
43529f63,11-12-2023,26.7,sunny,59,14.2
50aa9f2f,11-13-2023,24.9,sunny,63,14.1
d84de790,11-14-2023,24.3,cloudy,71,6.1
f12d14d9,11-15-2023,27.3,sunny,63,14.2
1c847c23,11-16-2023,25.9,rainy,68,13.5
938d1204,11-17-2023,23.8,sunny,54,23.7
dc3a1b7c,11-18-2023,25.3,rainy,60,18.3
649ba090,11-19-2023,27.5,sunny,64,13.9
f370b0d1,11-20-2023,23.3,sunny,55,13.8
8846af75,11-21-2023,21.7,sunny,60,17.0
a293728f,11-22-2023,20.9,humid,69,15.6
737e41e4,11-23-2023,27.5,cloudy,62,15.1
fd2ea817,11-24-2023,24.7,sunny,55,13.1
2292f1fa,11-25-2023,27.2,sunny,66,16.3
27b59ec2,11-26-2023,21.0,cloudy,54,14.0
b255f16a,11-27-2023,27.9,cloudy,67,13.8
d6623251,11-28-2023,25.1,sunny,61,18.0
5d8c9399,11-29-2023,25.6,rainy,63,14.7
d65808c3,11-30-2023,23.9,cloudy,61,10.8
fef629f2,12-01-2023,18.6,cloudy,56,7.9
8c4a760f,12-02-2023,20.3,sunny,50,12.1
5d19e7cc,12-03-2023,18.6,sunny,66,11.5
cc179f17,12-04-2023,22.1,sunny,60,11.9
3a69d6fb,12-05-2023,19.1,sunny,66,8.8
e8b1dc66,12-06-2023,17.1,sunny,49,18.5
294775b6,12-07-2023,18.4,cloudy,68,12.4
91eb8892,12-08-2023,20.7,sunny,67,8.5
2ebddaa8,12-09-2023,18.3,sunny,60,12.1
1162ae82,12-10-2023,21.0,sunny,54,12.5
958c3244,12-11-2023,23.2,sunny,53,9.8
c53dd917,12-12-2023,21.5,sunny,57,17.9
82cfdfb4,12-13-2023,16.9,sunny,66,0.9
6ad0bb99,12-14-2023,22.2,cloudy,55,13.4
493d05aa,12-15-2023,20.0,cloudy,54,15.4
c559832c,12-16-2023,23.0,sunny,60,21.5
be1fa056,12-17-2023,23.6,sunny,57,12.3
5e76f6cd,12-18-2023,18.1,dusty,62,19.4
73b6c837,12-19-2023,20.3,sunny,60,12.4
714d00c2,12-20-2023,19.5,cloudy,51,15.9
3adfd1ff,12-21-2023,17.5,cloudy,51,12.9
53e71580,12-22-2023,17.2,cloudy,54,4.6
2b8d29f9,12-23-2023,20.6,sunny,62,5.0
81127558,12-24-2023,20.7,sunny,62,16.4
6831879a,12-25-2023,22.5,sunny,60,19.0
852e58a3,12-26-2023,21.3,sunny,71,11.1
43fe56f2,12-27-2023,18.2,rainy,70,14.6
f7af864c,12-28-2023,18.8,sunny,64,15.1
676cd6e5,12-29-2023,21.0,sunny,51,14.8
4b8665b3,12-30-2023,18.0,sunny,66,11.0
aadec055,12-31-2023,18.6,sunny,57,8.9
f646218e,01-01-2024,16.1,cloudy,50,9.7
23a72274,01-02-2024,21.8,dusty,49,22.0
6e520d77,01-03-2024,22.1,rainy,76,16.5
0d041736,01-04-2024,15.7,sunny,68,17.5
57a4f0be,01-05-2024,18.3,sunny,69,12.2
068d1d4f,01-06-2024,13.2,cloudy,62,9.8
673525d1,01-07-2024,21.1,sunny,67,8.5
18c88d6b,01-08-2024,19.7,sunny,64,17.6
b5260381,01-09-2024,18.2,sunny,57,15.6
04b0aa9b,01-10-2024,19.4,cloudy,61,22.7
96a935df,01-11-2024,19.3,sunny,53,9.5
64483e3c,01-12-2024,17.8,cloudy,51,12.7
85bfdd1c,01-13-2024,18.1,sunny,59,13.9
b3dae0cb,01-14-2024,15.3,sunny,57,10.2
2631794e,01-15-2024,16.9,sunny,65,10.0
5c09abab,01-16-2024,17.9,cloudy,46,17.2
86d8d91c,01-17-2024,19.4,dusty,43,15.7
d1131c6a,01-18-2024,19.2,rainy,81,7.4
165d9989,01-19-2024,16.0,sunny,66,8.5
6bc8f2d5,01-20-2024,16.2,cloudy,59,16.3
f8a0716e,01-21-2024,15.3,sunny,59,14.4
d7281f2d,01-22-2024,18.2,dusty,38,24.7
d5ca1772,01-23-2024,19.9,humid,77,13.5
b2f54fb6,01-24-2024,19.0,sunny,59,12.7
4b70d1c8,01-25-2024,17.3,sunny,64,7.9
160fe513,01-26-2024,15.5,humid,73,9.1
bc5980d9,01-27-2024,16.8,sunny,56,13.9
3ff26c3e,01-28-2024,17.1,cloudy,64,8.1
4e50c589,01-29-2024,19.2,sunny,65,8.7
e2c08ea4,01-30-2024,19.7,sunny,62,11.6
323e45f6,01-31-2024,19.7,sunny,68,15.1
9ed9c6f3,02-01-2024,19.2,sunny,55,15.7
35f975be,02-02-2024,17.7,cloudy,61,19.1
6d9a848c,02-03-2024,18.0,sunny,63,12.8
304d2fdf,02-04-2024,16.3,rainy,54,14.5
fd8259de,02-05-2024,20.2,sunny,58,13.4
a9f54fa4,02-06-2024,19.9,cloudy,69,17.1
c8771394,02-07-2024,19.5,cloudy,51,11.6
13c81590,02-08-2024,20.4,sunny,66,12.4
fe3609d2,02-09-2024,14.0,rainy,65,19.1
0948eb76,02-10-2024,22.1,sunny,57,13.5
73d36434,02-11-2024,19.8,sunny,62,16.8
a25dd51c,02-12-2024,17.8,sunny,60,14.3
d14e7e0b,02-13-2024,20.5,sunny,74,13.1
cecad885,02-14-2024,21.5,sunny,58,13.8
6d754ac6,02-15-2024,17.9,cloudy,57,14.3
3fa512fe,02-16-2024,17.9,sunny,65,13.2
5f975852,02-17-2024,17.5,sunny,55,22.3
f038db02,02-18-2024,20.8,sunny,56,14.1
92a85c53,02-19-2024,18.0,sunny,63,18.1
7bdd31fc,02-20-2024,19.4,sunny,55,14.7
ff2c8247,02-21-2024,20.0,cloudy,53,16.1
5cda8213,02-22-2024,20.7,sunny,68,11.5
b9576f86,02-23-2024,17.4,sunny,68,7.6
26285992,02-24-2024,18.4,sunny,57,9.7
84109d28,02-25-2024,18.8,humid,50,14.0
4f7b8dd8,02-26-2024,22.4,sunny,57,14.6
0eedf484,02-27-2024,19.3,sunny,53,12.5
3a8f9047,02-28-2024,24.6,sunny,64,19.7
8eb4f004,02-29-2024,14.0,cloudy,55,8.5
96c737ed,03-01-2024,20.4,sunny,58,18.1
62ed6323,03-02-2024,23.4,cloudy,52,20.4
2c4c3183,03-03-2024,25.8,cloudy,42,19.2
e5494816,03-04-2024,22.3,cloudy,65,15.0
f5d62022,03-05-2024,23.6,sunny,58,24.9
d0a8274d,03-06-2024,21.6,sunny,55,10.0
133412b9,03-07-2024,23.6,cloudy,55,9.7
04123198,03-08-2024,23.0,rainy,64,18.1
8e20a528,03-09-2024,21.3,humid,68,21.1
61f1695e,03-10-2024,24.6,sunny,60,15.0
2db2f5cf,03-11-2024,22.2,humid,66,14.4
fe062fbe,03-12-2024,22.9,cloudy,59,22.7
bf5ee792,03-13-2024,21.0,sunny,51,11.9
1fe1f515,03-14-2024,19.2,sunny,60,16.8
8862b70f,03-15-2024,20.0,cloudy,51,13.2
238db8d2,03-16-2024,19.3,sunny,55,17.3
b6319266,03-17-2024,24.0,sunny,52,16.1
853853c8,03-18-2024,23.7,sunny,50,10.5
adea4d2c,03-19-2024,23.5,sunny,62,7.2
224c1e00,03-20-2024,24.8,cloudy,51,19.5
420269ca,03-21-2024,20.0,sunny,53,19.7
6e8e5046,03-22-2024,19.8,sunny,51,11.2
adbb357a,03-23-2024,19.1,sunny,54,14.7
5ad033d4,03-24-2024,22.9,cloudy,59,9.8
a7b70dd4,03-25-2024,22.0,sunny,62,14.9
e0494d62,03-26-2024,22.3,sunny,53,20.1
f5cb1716,03-27-2024,21.0,sunny,56,17.0
36ff1973,03-28-2024,20.2,cloudy,72,12.4
1535b057,03-29-2024,19.0,sunny,55,19.9
f9b6a896,03-30-2024,23.1,rainy,63,19.4
7e2cd894,03-31-2024,24.9,sunny,49,23.7
72b1b9c4,04-01-2024,30.6,cloudy,54,20.1
c5074aa2,04-02-2024,29.7,sunny,61,20.3
228eae58,04-03-2024,27.8,sunny,49,17.9
0dfebdf5,04-04-2024,26.1,cloudy,47,10.9
860ef693,04-05-2024,26.7,cloudy,57,16.9
af278937,04-06-2024,27.1,sunny,58,19.8
12656fc6,04-07-2024,23.6,sunny,39,21.0
e921f12d,04-08-2024,29.5,sunny,58,19.1
a7d7cc8c,04-09-2024,25.3,dusty,45,23.0
43a66802,04-10-2024,30.7,sunny,50,21.8
6a8114e4,04-11-2024,23.1,sunny,63,18.1
b11fdb5f,04-12-2024,24.9,cloudy,60,12.9
6c196507,04-13-2024,28.2,sunny,54,14.9
972d5601,04-14-2024,29.1,cloudy,51,18.6
09ab4e87,04-15-2024,30.6,rainy,54,28.9
410bdfe9,04-16-2024,29.5,sunny,55,21.8
d8eabf1f,04-17-2024,25.8,sunny,52,18.6
c67d1d20,04-18-2024,24.4,sunny,51,22.0
e6f6d6ba,04-19-2024,29.8,sunny,47,25.0
79bda0b1,04-20-2024,27.3,cloudy,59,20.1
9717e7c2,04-21-2024,28.1,cloudy,47,14.9
932a40b4,04-22-2024,26.0,sunny,30,22.0
c572c265,04-23-2024,25.9,dusty,39,26.2
0c2b0ed2,04-24-2024,24.6,sunny,54,23.1
09078dc9,04-25-2024,26.4,sunny,57,20.2
15b84556,04-26-2024,26.7,sunny,55,17.4
af0ac3dc,04-27-2024,25.7,sunny,56,17.6
0180aacc,04-28-2024,25.6,sunny,59,16.6
ca84454a,04-29-2024,24.0,humid,67,24.4
b1d31c7b,04-30-2024,29.0,sunny,56,19.9
f4da0536,05-01-2024,30.8,cloudy,57,26.1
e9feb666,05-02-2024,29.4,sunny,50,22.9
edbc0964,05-03-2024,29.7,sunny,54,17.9
e44d6c0e,05-04-2024,32.2,sunny,64,9.9
96add423,05-05-2024,31.8,sunny,50,17.7
237ff675,05-06-2024,33.3,sunny,51,21.5
5bd731c3,05-07-2024,35.5,sunny,53,19.2
c877e955,05-08-2024,33.9,sunny,63,15.8
61a09b84,05-09-2024,32.3,sunny,54,20.6
1aaea1ba,05-10-2024,32.0,sunny,59,23.2
6c9459b0,05-11-2024,31.9,cloudy,59,22.9
32f2ef7d,05-12-2024,32.1,cloudy,59,21.6
be7003bf,05-13-2024,35.2,sunny,47,14.4
38a14f7e,05-14-2024,33.0,sunny,56,22.2
9dd68de7,05-15-2024,33.3,sunny,65,25.5
bc049617,05-16-2024,31.7,sunny,50,22.5
e53f5078,05-17-2024,31.8,sunny,62,17.2
837a7eac,05-18-2024,31.0,sunny,63,11.1
da5d18bf,05-19-2024,31.9,dusty,49,29.6
b6abc34c,05-20-2024,33.4,sunny,58,21.9
bc9384bc,05-21-2024,34.9,sunny,55,17.2
2be27199,05-22-2024,33.3,cloudy,47,18.8
f85e9c2b,05-23-2024,33.0,sunny,46,23.2
6c154da0,05-24-2024,31.8,sunny,61,23.5
fb6f8bbf,05-25-2024,31.0,sunny,56,19.5
53b614d8,05-26-2024,32.2,sunny,57,17.7
93774a5c,05-27-2024,34.6,sunny,53,15.3
a8bb76b0,05-28-2024,33.7,sunny,64,15.9
7d5edf9f,05-29-2024,30.2,sunny,54,19.0
45cfb1bb,05-30-2024,30.1,sunny,72,21.2
b0cdb1fb,05-31-2024,33.1,sunny,56,13.6
230a54e1,06-01-2024,33.1,sunny,59,22.2
f9f5f832,06-02-2024,37.6,cloudy,58,17.2
55c3b6b3,06-03-2024,35.3,sunny,61,22.7
a877a95c,06-04-2024,40.2,dusty,53,29.6
a2adc77e,06-05-2024,35.5,cloudy,59,26.9
cfd56807,06-06-2024,34.2,cloudy,70,17.4
f56204e4,06-07-2024,30.4,sunny,56,26.4
961fc07e,06-08-2024,35.5,sunny,58,24.9
98af30f1,06-09-2024,31.2,sunny,63,15.6
229a7940,06-10-2024,34.7,sunny,58,30.4
e4845e79,06-11-2024,38.3,sunny,66,23.9
b0656b7f,06-12-2024,36.0,dusty,55,28.2
f530ed29,06-13-2024,32.5,humid,76,24.2
ad0a34df,06-14-2024,32.3,sunny,60,20.3
61f8480b,06-15-2024,33.4,sunny,53,22.0
7669f8ba,06-16-2024,32.9,sunny,55,17.6
106565d1,06-17-2024,35.0,cloudy,54,24.9
f84dcbd7,06-18-2024,36.6,sunny,64,18.1
dc90ba27,06-19-2024,36.2,sunny,64,24.8
bdf5daf3,06-20-2024,33.7,sunny,56,19.1
290466c8,06-21-2024,34.6,cloudy,55,24.0
4c688838,06-22-2024,33.9,cloudy,59,24.1
b4ee9982,06-23-2024,36.0,dusty,53,31.0
738d3b8f,06-24-2024,38.2,sunny,62,25.2
13d52f40,06-25-2024,36.7,sunny,68,17.8
b17a2c27,06-26-2024,37.2,sunny,64,25.1
20492885,06-27-2024,34.2,sunny,47,21.1
a4ba68af,06-28-2024,34.9,sunny,68,12.1
507e35cf,06-29-2024,36.2,sunny,63,16.3
e1d24402,06-30-2024,36.1,sunny,63,26.0
c294a150,07-01-2024,37.3,sunny,67,19.5
1be84762,07-02-2024,35.8,sunny,72,23.4
d540b5aa,07-03-2024,38.6,sunny,67,19.2
6c75a98c,07-04-2024,38.4,cloudy,57,14.5
6425ea4d,07-05-2024,37.8,cloudy,69,28.7
ee0f94c8,07-06-2024,39.5,dusty,56,29.9
6aff3f3a,07-07-2024,39.7,humid,85,18.7
ef4c2d83,07-08-2024,36.0,sunny,68,25.3
cb349cca,07-09-2024,42.4,sunny,71,18.9
ee3c93d2,07-10-2024,37.0,sunny,66,23.5
b11a6b03,07-11-2024,36.3,sunny,63,23.7
2ac119fc,07-12-2024,36.5,dusty,54,31.3
78f0dd0a,07-13-2024,42.3,sunny,63,21.5
137fbace,07-14-2024,40.6,sunny,72,20.1
9b23eb15,07-15-2024,42.0,sunny,70,31.0
801761f1,07-16-2024,36.4,sunny,62,20.6
30f0e85f,07-17-2024,39.1,sunny,69,22.2
a5e8d559,07-18-2024,38.3,sunny,63,26.2
067e5c63,07-19-2024,32.0,sunny,69,23.6
766b8df6,07-20-2024,36.7,sunny,70,24.1
24f52cac,07-21-2024,37.9,sunny,73,23.0
04308bb9,07-22-2024,38.7,dusty,63,20.3
2ea26370,07-23-2024,39.3,sunny,59,20.0
720cd98c,07-24-2024,36.8,sunny,66,18.5
3150e2cd,07-25-2024,36.1,cloudy,67,16.0
87e43be6,07-26-2024,36.0,dusty,64,35.0
e5a78cd9,07-27-2024,37.8,sunny,72,28.0
7dfe852b,07-28-2024,39.9,sunny,62,20.4
631af470,07-29-2024,37.3,rainy,69,27.9
1d72ead5,07-30-2024,36.6,sunny,63,27.9
d9274f47,07-31-2024,38.3,sunny,64,18.5
a3aa9030,08-01-2024,40.4,dusty,54,30.4
738b9961,08-02-2024,39.8,sunny,64,20.8
7dec9340,08-03-2024,34.4,sunny,52,20.0
fdc4164d,08-04-2024,40.4,cloudy,70,21.0
0cc95183,08-05-2024,37.5,sunny,67,20.8
46f376a8,08-06-2024,36.8,humid,72,13.8
6281e58f,08-07-2024,40.1,sunny,72,16.8
792e16be,08-08-2024,35.3,sunny,67,16.6
6fd0c3c1,08-09-2024,40.0,sunny,60,25.0
3a211f9f,08-10-2024,33.1,sunny,60,20.8
7bfbe5c6,08-11-2024,39.2,sunny,69,19.6
4c29648f,08-12-2024,40.0,sunny,63,26.2
92a25459,08-13-2024,41.2,sunny,71,16.7
1ef8c2a1,08-14-2024,37.7,sunny,69,18.0
3ddd9159,08-15-2024,39.6,dusty,57,27.0
9dbfcc9c,08-16-2024,38.3,rainy,84,21.9
3fac6669,08-17-2024,38.4,sunny,67,18.6
9867cba9,08-18-2024,37.5,sunny,70,15.2
78247532,08-19-2024,36.8,sunny,61,19.3
d7a54351,08-20-2024,38.5,sunny,71,18.6
418344a0,08-21-2024,40.3,sunny,67,20.4
9c6f3371,08-22-2024,38.0,sunny,62,16.4
da1df9a6,08-23-2024,33.1,sunny,61,17.6
bfae4300,08-24-2024,40.2,sunny,70,15.0
1a582dfd,08-25-2024,39.6,sunny,57,15.4
22899304,08-26-2024,41.4,sunny,69,15.3
0cd73b91,08-27-2024,40.6,sunny,70,21.2
357db4af,08-28-2024,38.5,sunny,71,25.6
7dd004ad,08-29-2024,41.8,sunny,83,20.8
e5551314,08-30-2024,36.0,sunny,54,24.7
80797925,08-31-2024,37.4,cloudy,70,24.0
4738e600,09-01-2024,36.2,sunny,72,14.6
f6aa9e51,09-02-2024,37.1,sunny,74,21.9
f2718c0d,09-03-2024,35.4,sunny,76,22.6
cc0664a4,09-04-2024,32.9,rainy,82,22.5
f7b44788,09-05-2024,33.1,sunny,78,24.3
0c858624,09-06-2024,29.4,sunny,70,20.8
ebfdf6d4,09-07-2024,35.1,sunny,80,25.9
6a64ddb0,09-08-2024,33.9,cloudy,65,17.8
5bc5c2e4,09-09-2024,37.7,sunny,64,19.7
9496b137,09-10-2024,37.9,sunny,59,19.2
6645723d,09-11-2024,35.6,humid,76,17.1
ca07e099,09-12-2024,32.1,cloudy,68,20.0
9b59f8ce,09-13-2024,31.5,cloudy,65,19.5
82f3edc4,09-14-2024,31.5,cloudy,73,14.0
f627fff8,09-15-2024,33.6,sunny,71,21.4
4b7ecad6,09-16-2024,32.6,sunny,79,21.7
b108b4e9,09-17-2024,35.4,cloudy,76,20.7
b42e191a,09-18-2024,31.1,cloudy,77,21.1
35268d62,09-19-2024,37.0,rainy,82,20.8
6a265aba,09-20-2024,34.0,sunny,59,17.2
bd40017e,09-21-2024,32.7,sunny,72,17.4
fff0f249,09-22-2024,37.5,sunny,70,22.3
38afdafe,09-23-2024,33.6,sunny,80,26.1
b55aea32,09-24-2024,36.8,sunny,64,28.0
1936e4c4,09-25-2024,34.0,sunny,69,28.1
edc7b967,09-26-2024,30.9,sunny,86,21.9
b6fd8823,09-27-2024,28.6,cloudy,69,14.9
a23fbe95,09-28-2024,32.0,sunny,76,25.5
23782de6,09-29-2024,38.7,cloudy,63,13.8
62e75fae,09-30-2024,33.7,cloudy,74,21.5
4e0917cc,10-01-2024,33.0,cloudy,52,17.6
70181341,10-02-2024,34.7,rainy,68,28.9
17f06394,10-03-2024,33.3,sunny,62,14.3
700386c9,10-04-2024,29.9,sunny,50,22.9
8b06f013,10-05-2024,29.9,cloudy,68,14.9
96389681,10-06-2024,30.0,sunny,63,15.3
22aabe60,10-07-2024,35.0,dusty,61,31.2
39518f48,10-08-2024,29.1,cloudy,61,14.8
40aa2200,10-09-2024,32.3,sunny,60,12.4
a7f19c15,10-10-2024,26.5,sunny,59,16.9
8893da8a,10-11-2024,28.4,sunny,63,18.4
fd3916d2,10-12-2024,30.6,cloudy,70,16.8
ceed8da4,10-13-2024,29.4,sunny,50,10.5
204c3328,10-14-2024,33.7,sunny,66,21.0
a730c36c,10-15-2024,32.6,sunny,72,10.8
236498d7,10-16-2024,29.3,humid,72,12.7
c20c3d0a,10-17-2024,30.4,sunny,62,18.1
63440bfc,10-18-2024,32.8,cloudy,62,20.7
1df6f06e,10-19-2024,29.2,sunny,60,12.8
64fd4f26,10-20-2024,29.1,sunny,53,14.0
e0d11c8d,10-21-2024,32.7,humid,67,17.5
9c18c3be,10-22-2024,34.7,cloudy,65,14.8
afcb4dd0,10-23-2024,33.0,cloudy,59,11.7
2e20da1d,10-24-2024,32.9,cloudy,56,12.2
97e96f4d,10-25-2024,26.0,dusty,47,21.6
dbf166b8,10-26-2024,33.8,cloudy,77,16.0
33799933,10-27-2024,36.1,humid,72,10.2
6017f981,10-28-2024,35.6,dusty,51,21.8
47af60a4,10-29-2024,31.3,sunny,61,22.2
62a1dd36,10-30-2024,32.1,rainy,73,24.5
1b1e0217,10-31-2024,28.3,rainy,71,24.8
543f1618,11-01-2024,23.5,sunny,59,14.4
73b2b17a,11-02-2024,25.5,cloudy,50,5.9
6f8bdac9,11-03-2024,25.8,rainy,54,19.5
ab503d44,11-04-2024,27.2,sunny,50,15.7
abdbd347,11-05-2024,23.8,cloudy,57,12.7
d07a2663,11-06-2024,27.7,cloudy,55,15.6
d573d92a,11-07-2024,22.2,rainy,75,16.3
9a10403f,11-08-2024,22.9,cloudy,50,14.3
f5fc3288,11-09-2024,21.5,sunny,57,16.8
e41c9d55,11-10-2024,22.7,sunny,57,23.0
5e817054,11-11-2024,26.0,cloudy,53,20.5
3ea06bb0,11-12-2024,24.9,sunny,54,15.6
4449849c,11-13-2024,21.9,cloudy,46,14.7
65188dcb,11-14-2024,26.0,sunny,63,15.8
ca8de675,11-15-2024,28.8,sunny,56,14.4
d13449e5,11-16-2024,22.5,cloudy,57,7.3
abeea404,11-17-2024,21.1,sunny,57,11.6
3ce2f98a,11-18-2024,30.3,cloudy,57,14.4
f5453913,11-19-2024,25.5,sunny,67,17.3
186550de,11-20-2024,24.7,sunny,55,22.5
c405ff91,11-21-2024,20.8,cloudy,57,10.3
5fdb14ee,11-22-2024,25.6,cloudy,53,15.7
0373add1,11-23-2024,24.2,sunny,55,16.2
d860e079,11-24-2024,24.3,cloudy,56,8.4
386ad6ae,11-25-2024,29.3,sunny,58,15.8
6059fb15,11-26-2024,28.9,sunny,57,17.7
8824dfc2,11-27-2024,26.1,cloudy,64,12.1
2217505d,11-28-2024,23.7,sunny,57,13.7
7a37edbd,11-29-2024,24.1,sunny,55,14.0
5b95fb87,11-30-2024,24.1,cloudy,55,13.0
b8d6bb3b,12-01-2024,19.7,sunny,59,11.6
657dc29a,12-02-2024,18.7,sunny,63,8.6
171c01ec,12-03-2024,21.1,sunny,65,10.3
f06325a6,12-04-2024,21.8,sunny,58,10.3
99c40390,12-05-2024,21.0,rainy,74,12.0
4859d130,12-06-2024,19.2,sunny,63,11.8
71a57935,12-07-2024,19.7,sunny,63,14.0
39a4142b,12-08-2024,21.7,sunny,65,6.1
a6c2f3f0,12-09-2024,22.9,sunny,60,16.1
d28f02fb,12-10-2024,22.1,cloudy,59,1.4
20e58ff9,12-11-2024,17.9,sunny,56,17.0
8ed7ea56,12-12-2024,20.1,rainy,63,13.4
9957a0c4,12-13-2024,18.4,sunny,60,12.7
4330eec8,12-14-2024,16.2,cloudy,61,4.4
1dabe632,12-15-2024,18.7,sunny,57,17.0
1154cb74,12-16-2024,22.1,rainy,61,15.5
0caa1beb,12-17-2024,23.7,sunny,60,5.3
4a4e00a2,12-18-2024,21.1,sunny,64,12.7
6db9036e,12-19-2024,18.3,sunny,67,8.9
3aa451a2,12-20-2024,16.6,sunny,46,12.1
bd225d4b,12-21-2024,19.7,sunny,66,14.9
4f0f133f,12-22-2024,19.9,sunny,68,11.6
51a0ca69,12-23-2024,20.1,sunny,61,16.0
1bb9315d,12-24-2024,22.5,sunny,59,15.4
c94142d3,12-25-2024,18.6,sunny,62,1.9
09c55392,12-26-2024,15.9,sunny,64,16.1
3b644c93,12-27-2024,16.0,sunny,56,16.7
46e8d9ff,12-28-2024,18.7,sunny,54,20.8
a0a70e93,12-29-2024,20.2,sunny,60,10.5
41da5613,12-30-2024,21.2,cloudy,66,12.9
394822da,12-31-2024,18.9,sunny,52,8.9
debe9545,01-01-2025,21.0,sunny,59,9.8
8aeae774,01-02-2025,20.1,sunny,62,10.6
76698119,01-03-2025,20.3,dusty,55,17.5
4debad48,01-04-2025,18.9,sunny,64,16.9
72ea2f75,01-05-2025,19.4,sunny,51,11.4
c70e7225,01-06-2025,18.4,sunny,54,15.1
e6925969,01-07-2025,16.4,sunny,53,12.7
a36fa01f,01-08-2025,19.0,sunny,51,14.4
a59fbd9d,01-09-2025,16.2,cloudy,64,7.6
fdb09f41,01-10-2025,19.7,sunny,71,13.3
edd236ba,01-11-2025,18.1,dusty,61,19.8
f8eed05b,01-12-2025,16.6,rainy,72,13.1
bba5cc32,01-13-2025,18.2,sunny,56,10.3
2efb6402,01-14-2025,17.5,sunny,54,15.9
51ac8021,01-15-2025,17.6,sunny,62,14.0
e9b7cd3f,01-16-2025,20.1,humid,75,15.1
d9801317,01-17-2025,19.8,sunny,53,12.7
0d4f33f4,01-18-2025,14.7,cloudy,58,14.7
65d5fde4,01-19-2025,15.1,sunny,58,12.1
2a1d0ff8,01-20-2025,17.0,sunny,73,13.1
110d768e,01-21-2025,18.3,sunny,64,10.7
4f23309a,01-22-2025,18.7,cloudy,62,10.2
0d5723eb,01-23-2025,19.6,sunny,60,13.8
5c059c39,01-24-2025,20.4,rainy,72,9.9
5e8bd686,01-25-2025,16.3,sunny,55,8.1
3572302b,01-26-2025,15.9,sunny,61,9.9
3f726f58,01-27-2025,16.2,cloudy,65,15.2
a8cdf848,01-28-2025,20.0,humid,65,17.2
31bd32a6,01-29-2025,19.8,sunny,66,19.7
34cd4028,01-30-2025,21.6,sunny,55,8.0
450fe2be,01-31-2025,20.8,sunny,59,7.1
6e5af0b6,02-01-2025,22.9,sunny,59,8.6
02b47135,02-02-2025,14.2,sunny,50,13.5
68e34f05,02-03-2025,17.8,sunny,62,14.5
6aad7c0d,02-04-2025,17.7,rainy,70,15.1
b1f90abc,02-05-2025,17.6,cloudy,54,15.1
fdd40f2e,02-06-2025,19.3,sunny,59,13.5
0e3e63c6,02-07-2025,19.0,sunny,53,4.8
5eaafecb,02-08-2025,17.7,sunny,47,12.9
d2764995,02-09-2025,15.0,sunny,53,11.0
ffaa4a7e,02-10-2025,15.8,sunny,59,11.2
9d769375,02-11-2025,22.4,cloudy,48,19.9
075ed46d,02-12-2025,20.1,sunny,63,8.5
8a2a015e,02-13-2025,24.1,sunny,66,10.4
b8d7d49b,02-14-2025,19.5,dusty,45,28.5
4d83ce65,02-15-2025,20.5,cloudy,56,15.6
f3d83965,02-16-2025,16.8,sunny,64,14.5
0e0ada28,02-17-2025,16.3,cloudy,65,16.5
d7a82b6f,02-18-2025,22.0,rainy,60,7.8
b55b3062,02-19-2025,17.6,dusty,48,23.2
d44876f8,02-20-2025,22.2,sunny,65,14.0
add629a3,02-21-2025,22.2,cloudy,52,18.2
18c516e2,02-22-2025,19.0,sunny,57,10.0
808f18aa,02-23-2025,15.1,sunny,52,7.3
559747dc,02-24-2025,16.6,cloudy,64,12.2
960dedbc,02-25-2025,18.2,sunny,50,11.1
e9f22111,02-26-2025,21.4,sunny,55,11.4
706d6913,02-27-2025,21.8,sunny,61,12.8
290540c2,02-28-2025,17.9,sunny,56,20.1
fa06ca58,03-01-2025,23.2,cloudy,53,17.5
31555f81,03-02-2025,25.0,cloudy,58,20.5
ad1c1bd9,03-03-2025,22.9,dusty,55,27.0
2066643a,03-04-2025,23.3,sunny,43,16.1
143cbbcf,03-05-2025,21.2,dusty,47,19.3
e9bab9a6,03-06-2025,26.1,sunny,53,18.8
82088e5f,03-07-2025,21.1,humid,69,12.6
162166ed,03-08-2025,23.0,sunny,58,5.5
b8597c60,03-09-2025,17.5,sunny,64,15.0
343c948b,03-10-2025,18.8,sunny,46,10.3
130b0e7e,03-11-2025,20.0,cloudy,58,15.3
59df5025,03-12-2025,25.1,cloudy,54,13.3
d695e21d,03-13-2025,23.8,sunny,45,10.0
57fe640e,03-14-2025,23.9,sunny,53,6.6
3ce19984,03-15-2025,22.0,sunny,52,6.3
bc0eb56f,03-16-2025,19.4,rainy,71,13.4
92a3d6a8,03-17-2025,19.5,sunny,52,11.2
e2b1564c,03-18-2025,18.9,sunny,64,16.5
640843cb,03-19-2025,23.6,sunny,54,15.2
4c97b1cb,03-20-2025,23.7,sunny,71,17.0
721759c7,03-21-2025,20.8,sunny,55,15.2
f719f4ef,03-22-2025,24.0,sunny,54,14.6
6d7fbbcf,03-23-2025,21.5,sunny,65,13.5
0922a85d,03-24-2025,21.6,rainy,53,18.9
52020704,03-25-2025,20.5,sunny,47,21.1
a8a9c460,03-26-2025,21.4,cloudy,60,18.6
a09a2f2a,03-27-2025,26.8,sunny,62,10.4
1a75a525,03-28-2025,20.9,sunny,57,13.7
587157ff,03-29-2025,24.1,sunny,60,10.9
652b0ad9,03-30-2025,20.7,sunny,54,17.3
6ae6a7b2,03-31-2025,20.5,sunny,53,16.8
eea4d06e,04-01-2025,29.2,sunny,62,21.8
4ee22135,04-02-2025,26.5,sunny,53,21.7
71ec873c,04-03-2025,28.9,dusty,47,30.5
42f25620,04-04-2025,31.2,sunny,53,16.4
f23ee66b,04-05-2025,22.7,sunny,50,21.4
2eb17dae,04-06-2025,26.2,cloudy,57,10.6
927fd7cf,04-07-2025,25.9,sunny,52,20.3
10e34908,04-08-2025,29.7,sunny,55,19.0
bbe6575d,04-09-2025,26.0,cloudy,36,17.3
f54a8432,04-10-2025,21.7,sunny,49,19.6
d24e962a,04-11-2025,28.1,cloudy,50,15.0
89715faa,04-12-2025,27.3,rainy,63,24.1
b091277d,04-13-2025,24.7,cloudy,54,20.2
8cb6d7b8,04-14-2025,25.4,sunny,60,17.1
c9f4d87a,04-15-2025,27.5,rainy,71,19.8
393dac5f,04-16-2025,29.5,sunny,56,20.7
907e01f7,04-17-2025,26.7,humid,61,23.2
576f0491,04-18-2025,29.5,sunny,61,8.8
ca86a998,04-19-2025,22.1,sunny,58,20.8
37a9101b,04-20-2025,27.9,sunny,63,14.7
d60c7109,04-21-2025,26.5,sunny,49,20.8
088fa674,04-22-2025,27.0,sunny,60,14.8
b04212b4,04-23-2025,28.3,sunny,49,25.5
4e268f06,04-24-2025,29.4,sunny,57,21.7
091f209b,04-25-2025,26.9,cloudy,47,21.8
4e1e0ceb,04-26-2025,27.1,dusty,44,23.9
30f0e51e,04-27-2025,26.1,sunny,52,13.0
142312be,04-28-2025,24.4,sunny,56,18.2
eac3dc4a,04-29-2025,24.3,sunny,53,15.3
2ae88e5b,04-30-2025,25.7,sunny,53,17.8
72c8f2ea,05-01-2025,33.5,rainy,60,23.4
ce946c8e,05-02-2025,32.9,cloudy,63,22.2
b76345d3,05-03-2025,26.3,sunny,51,17.5
7f7ec696,05-04-2025,28.6,sunny,42,15.6
d8dced9c,05-05-2025,30.9,sunny,54,21.9
c37c2b9d,05-06-2025,35.5,sunny,49,20.8
0037ed03,05-07-2025,35.5,sunny,54,16.6
9494f05a,05-08-2025,34.5,sunny,63,21.8
e17e4c12,05-09-2025,33.6,sunny,49,17.1
ea570cd3,05-10-2025,33.2,sunny,65,18.7
1889a705,05-11-2025,29.3,sunny,57,20.8
4149be73,05-12-2025,32.8,humid,62,24.6
bccab418,05-13-2025,33.0,rainy,63,28.7
567b9590,05-14-2025,33.1,sunny,58,21.4
c209a2fc,05-15-2025,33.9,sunny,58,17.0
b98062de,05-16-2025,32.8,humid,57,13.7
97b1d63d,05-17-2025,33.1,dusty,41,20.8
05e3655c,05-18-2025,28.1,sunny,58,25.1
c2089439,05-19-2025,31.1,cloudy,54,5.3
556ea866,05-20-2025,32.1,sunny,52,19.8
cd836667,05-21-2025,33.7,sunny,56,13.7
d7ffc505,05-22-2025,34.2,sunny,62,16.8
cf7314d9,05-23-2025,31.1,sunny,49,20.7
bcf34302,05-24-2025,31.9,sunny,54,15.5
d710970d,05-25-2025,31.7,cloudy,54,13.1
b1be2515,05-26-2025,30.8,sunny,52,25.8
e1a03b35,05-27-2025,30.6,sunny,55,21.8
3044f9a9,05-28-2025,30.8,sunny,55,19.0
5b3d5646,05-29-2025,36.3,cloudy,63,22.3
2a636ad0,05-30-2025,33.8,sunny,58,21.6
cca8036a,05-31-2025,36.0,cloudy,55,24.0
c514e336,06-01-2025,32.5,sunny,62,26.4
f54a9c0a,06-02-2025,35.8,sunny,60,23.6
ad749cd4,06-03-2025,36.0,dusty,45,35.0
be9e75c4,06-04-2025,31.5,sunny,52,21.4
3d96f421,06-05-2025,38.8,sunny,62,18.0
bebb414f,06-06-2025,34.6,sunny,65,13.7
26cf6c36,06-07-2025,36.2,cloudy,60,19.1
c77a971e,06-08-2025,30.4,dusty,54,35.9
b7863783,06-09-2025,34.4,dusty,56,31.7
e0001f3e,06-10-2025,35.7,cloudy,60,19.1
cb17e7de,06-11-2025,36.2,sunny,59,25.3
04862632,06-12-2025,34.6,sunny,67,21.5
50bd214a,06-13-2025,36.0,sunny,48,19.6
5b91a586,06-14-2025,35.8,sunny,60,24.7
f129ae11,06-15-2025,31.7,cloudy,70,19.8
5b981732,06-16-2025,34.9,sunny,56,22.0
89ade527,06-17-2025,33.4,sunny,61,21.1
91eac39c,06-18-2025,35.5,cloudy,63,26.0
f12118d1,06-19-2025,38.1,sunny,57,11.8
35acd123,06-20-2025,35.0,sunny,59,20.2
7d76d016,06-21-2025,35.2,dusty,50,33.6
8d7046a9,06-22-2025,36.8,cloudy,66,14.8
da6740c5,06-23-2025,32.9,sunny,64,22.6
1c2e2497,06-24-2025,35.7,dusty,48,31.9
a5cc1b70,06-25-2025,34.4,sunny,65,23.6
c7d17c02,06-26-2025,35.6,sunny,61,23.6
8944edd7,06-27-2025,32.0,cloudy,48,18.9
77d72e92,06-28-2025,33.6,sunny,58,29.4
421cfc3b,06-29-2025,35.9,sunny,47,19.9
948ef0f2,06-30-2025,31.1,sunny,57,20.1
ab3f87a4,07-01-2025,39.6,cloudy,64,20.0
c46f6a87,07-02-2025,42.4,cloudy,70,20.2
1d9c554c,07-03-2025,42.4,rainy,71,26.2
588cc683,07-04-2025,38.4,humid,73,32.6
43757ad3,07-05-2025,38.1,sunny,58,22.2
adcfa4cb,07-06-2025,34.4,sunny,60,21.1
48cc677d,07-07-2025,39.9,sunny,61,24.1
5f840bd4,07-08-2025,36.2,sunny,64,22.5
db8615f3,07-09-2025,41.0,sunny,47,24.9
fd47557f,07-10-2025,40.4,sunny,65,24.6
c5ca8beb,07-11-2025,36.7,sunny,61,21.6
6176783c,07-12-2025,40.1,cloudy,74,25.8
18ea6519,07-13-2025,37.7,dusty,61,26.0
bc1dc580,07-14-2025,35.5,sunny,59,26.1
ee9e1555,07-15-2025,39.5,sunny,73,23.3
24a7a1df,07-16-2025,37.6,sunny,59,20.4
7b46aa69,07-17-2025,37.8,sunny,57,18.3
61113f9d,07-18-2025,39.5,sunny,64,22.0
bf0f78ec,07-19-2025,33.1,sunny,68,21.2
4152e378,07-20-2025,34.5,sunny,67,23.8
bd8791fb,07-21-2025,37.5,sunny,62,21.3
d70ffc3e,07-22-2025,35.6,sunny,64,20.9
fc82bfc8,07-23-2025,38.5,sunny,62,15.0
77a793ee,07-24-2025,39.6,sunny,72,29.7
6e8da6ff,07-25-2025,39.0,sunny,64,29.5
e81f4f1e,07-26-2025,34.4,sunny,66,21.6
5228823e,07-27-2025,35.6,sunny,64,24.5
9f433c59,07-28-2025,35.6,sunny,57,20.1
c87a7138,07-29-2025,38.2,sunny,57,25.9
b91d7472,07-30-2025,36.0,sunny,73,17.3
4bc325b6,07-31-2025,38.6,sunny,62,22.4
516b9371,08-01-2025,38.7,sunny,83,20.5
3fe1f347,08-02-2025,40.3,dusty,55,35.2
27039c2a,08-03-2025,36.0,sunny,66,13.8
f33e7436,08-04-2025,36.1,sunny,70,23.1
fa3bd17f,08-05-2025,36.9,sunny,73,15.9
3926471d,08-06-2025,40.8,sunny,65,19.6
9a75e2d1,08-07-2025,37.6,sunny,72,17.9
a0054ff8,08-08-2025,40.6,sunny,60,22.0
ed61531f,08-09-2025,36.9,sunny,67,17.5
6de5e69b,08-10-2025,37.2,sunny,65,20.7
5ad4a6a0,08-11-2025,32.8,cloudy,75,18.1
aecb6284,08-12-2025,35.3,sunny,71,25.4
be264f86,08-13-2025,41.7,sunny,63,18.3
fd310e46,08-14-2025,43.6,dusty,56,27.7
252d784c,08-15-2025,39.2,sunny,66,22.3
e3dce849,08-16-2025,37.7,sunny,76,23.4
c718a8cf,08-17-2025,33.8,sunny,62,21.4
f744dce6,08-18-2025,34.2,humid,79,18.5
e810f982,08-19-2025,38.7,sunny,66,17.4
83eeacd7,08-20-2025,39.1,sunny,67,24.1
12ad9621,08-21-2025,44.0,sunny,73,13.9
3a09c76f,08-22-2025,39.5,sunny,66,18.3
dcd32a49,08-23-2025,38.2,sunny,71,17.9
c1d30d15,08-24-2025,35.9,sunny,82,22.6
7eef5e2d,08-25-2025,36.9,sunny,71,19.0
bfb8b01d,08-26-2025,35.4,cloudy,73,18.2
1d03a2bb,08-27-2025,38.9,cloudy,63,23.5
5328e33e,08-28-2025,39.7,rainy,80,21.2
bf524b65,08-29-2025,41.3,sunny,66,14.6
7d334302,08-30-2025,32.8,sunny,63,20.0
504da0b1,08-31-2025,36.6,sunny,66,19.4
ee016908,09-01-2025,35.3,sunny,65,23.7
6f2b6a9b,09-02-2025,32.0,sunny,64,14.8
7b08ef4e,09-03-2025,35.6,sunny,69,17.7
c1df8f18,09-04-2025,32.8,humid,89,17.7
b4de1173,09-05-2025,34.5,sunny,57,17.7
92277c0b,09-06-2025,35.8,sunny,68,18.2
